oilpalm,logging
a mulyati a tjoneng m,amindo wana persada
aburahmi,cv bakti dwipa kariza
ahmad shahab,cv pangkar begili
ariana ferra ishak udan pt sinar reksa kencana,cv pari jaya makmur
arif patari,kop mandau talawang
asosiasi petani sawit swadaya amanah,kop pondok pesantren darussalam
aswen susisyo utomo,kop ponpes najmussalam
bpp sei putih,kop putra dayak jaya
cv lemo jaya,kop wailo wana lestari
cv lubuk muda raya,ksu mayang putri prima
cv nirmala,ksu meranti tumbuh indah
cv radita,kud beringin mulya
cv riau merbau lestari,mutiara kalja permai
cv surya perkasa,pd panca karya
daniel gozali,pt aceh inti timber
ena udati,pt adimitra lestari
fintje nayoan,pt aditya kirana mandiri
h adli,pt agoda rimba irian
hamid yusuf,pt agro city kaltim
hj merry syam,pt akathes plywood
husen yunus,pt alas aceh perkasa
kebun swadaya,pt alas tirta kencana
kelompok tani andalas,pt amprah mitra jaya
kelompok tani bina karya,pt andalas merapi timber
kelompok tani bina makmur,pt anugerah pratama inspirasi
kelompok tani cempaka,pt anugrah alam barito
kelompok tani jadi mulya,pt aoi unit ii//iv
kelompok tani karya jaya,pt aquila silva
kelompok tani karya tani,pt arfak indra
kelompok tani keluarga harapan,pt austral byna
kelompok tani maju jaya,pt aya yayang indonesia
kelompok tani mungkal tujuh,pt bade makmur orissa
kelompok tani namasuri,pt balantak rimba rejeki
kelompok tani plamboyan,pt balikpapan forest industri
kelompok tani sido mulyo ii,pt bangun kayu irian
kelompok tani sumber makmur,pt barito nusantara indah
kelompok tani sumber makmur ii,pt barito putera
kelompok tani tunas harapan,pt batasan
koperasi aroma,pt batasan (papua)
koperasi atan,pt batu karang sakti
koperasi bahtera mandiri,pt bela berkat anugerah
koperasi bakung agri,pt bentara agra timber
koperasi bengalon prima mandiri,pt benua indah
koperasi berkat mumpa bersatu,pt berkat cahaya timber
koperasi bina awee mareno,pt bhara induk (d/h brajatama)
koperasi bina belantara,pt bina balantak raya
koperasi bina tani lestari,pt bina balantak raya utama
koperasi bina tani sawit lestari,pt bina daya tetra
koperasi bina tani sawit sedulang,pt bina multi alam lestari
koperasi bina usaha,pt bina ovivipari semesta
koperasi buantan karya bersama,pt bintuni utama murni
koperasi citra hanau,pt borneo karya indah mandiri
koperasi gerdabang agri,pt budhi nyata
koperasi harapan baru,pt bumi pratama usaha jaya
koperasi harapan bersama,pt bumi raya utama wood
koperasi jaya terus jaya,pt bumimas permata abadi
koperasi karya abadi,pt carus indonesia
koperasi karya maju bersama,pt central kalimantan abadi
koperasi karya makmur sejahtera,pt centrico
koperasi karya pembangunan,pt citra lembah kencana ( tunggal yudi unit iv)
koperasi kelean blom kejah,pt civika wana lestari (eks  damukti)
koperasi kutai inovasi pratama,pt dahatama adi karya
koperasi laken maren,pt daisy timber
koperasi long hol jaya,pt damai setiatama tbr
koperasi maju bersama,pt darmali mahkota tbr
koperasi maju jaya,pt dasa intiga
koperasi mekar jaya,pt daya sakti krida unggul
koperasi miau abadi jaya sakti,pt dharma mukti persada
koperasi min bea glang mandiri,pt dharma satya nusantara
koperasi min sut lekut,pt diadyani timber
koperasi mukti utama,pt diamond raya timber
koperasi nengayetna,pt digul daya sakti
koperasi nuaring,pt digul dayasakti
koperasi padaelo,pt dwima jaya utama
koperasi panca warga,pt elbana abadi jaya
koperasi parene`an,pt erna juliawati
koperasi pegawai negeri bina atakana,pt erythrina nugraha megah
koperasi perkebunan bina satong lestari,pt essam timber
koperasi perkebunan bupulu lomour,pt fitamaya asmapara
koperasi perkebunan kelapa sawit (kpks) bukit layang,pt fortuna cipta sejahtera
koperasi perkebunan kelapa sawit (kpks) gunung muda sejahtera,pt gaung satya graha agrindo
koperasi perkebunan kelapa sawit (kpks) mapur mandiri,pt global partners indonesia
koperasi perkebunan kelapa sawit (kpks) mitra tani lestari,pt graha sentosa permai
koperasi perkebunan kelapa sawit (kpks) riau sejahtera,pt greaty sukses  abadi
koperasi perkebunan kelapa sawit (kpks) sejahtera bersama,pt gruti
koperasi perkebunan kelapa sawit (kpks) silip bersatu,pt gulat ii
koperasi perkebunan kelapa sawit (kpks) silip lestari,pt gunung gajah abadi
koperasi perkebunan kelapa sawit (kpks) tani bergema,pt gunung meranti
koperasi perkebunan kelapa sawit (kpks) tunas unggul,pt hanurata coy
koperasi perkebunan laman mayang sentosa,pt hanurata coy ltd (sorong)
koperasi perkebunan lanta lamour,pt harapan kaltim lestari
koperasi perkebunan plasma maju sejahtera,pt harapan kita utama
koperasi perkebunan tuah buno,pt harapan tiga putera
koperasi perkebunan wahana agung,pt hasil kalimantan jaya
koperasi perkebunan wira usaha,pt hasnur jaya utama
koperasi petani plasma ikhtiar sejahtera,pt hasrat wira mandiri
koperasi pns,pt huma sulut lestari
koperasi pondok pesantren (kopontren) al-kautsar,pt hutan bersama
koperasi prima jaya,pt hutan domas raya
koperasi prima utama,pt hutan mulya
koperasi produsen mekar ikana,pt hutani kalimantan abadi permai
koperasi produsen mekar womba,pt hutani lestari raya timber
koperasi puding sejahtera,pt hutani sola lestari
koperasi salio jaya,pt inanta timber
koperasi sangsaka susuk dalam,pt indah meranti permata timber
koperasi sapak indah,pt indexim utama corp
koperasi sawit datuk nan sambilan,pt indowana arga timber
koperasi sawit koto padang,pt inhutani i (pangean)
koperasi sawit prima jaya,pt inhutani i (pimping)
koperasi sawit pusako ninik mamak,pt inhutani i (sambarata)
koperasi sawit redang seko,pt inhutani i (unit kunyit-simendurut)
koperasi sawit sendowan,pt inhutani i (unit labanan)
koperasi sawit usaha tani sejahtera,pt inhutani i (unit meraang)
koperasi sawit wehea tlan bersatu,pt inhutani i (unit segah hulu)
koperasi sebadik raya,pt inhutani i mamuju
koperasi seleq sejahtera,pt inhutani ii
koperasi serba usaha (ksu) aneka ragam,pt inhutani ii
koperasi serba usaha (ksu) danum paroy,pt inhutani ii (unit malinau)
koperasi serba usaha (ksu) jaya mandiri,pt inhutani ii (unit pulau laut)
koperasi serba usaha (ksu) kawah sejati,pt inhutani ii (unit tanah grogot)
koperasi serba usaha (ksu) mandiri 1,pt intertropic aditama
koperasi serba usaha (ksu) pelangi jaya,pt intimpura timber
koperasi serba usaha (ksu) tepian terap lestari,pt intisixta
koperasi serba usaha (ksu) tunas harapan,pt intraca wood ind
koperasi serba usaha (ksu) tunas harapan jaya,pt irmasulindo
koperasi serba usaha (ksu) wehea sawit tlan sejahtera,pt irmasulindo unit ii
koperasi serba usaha karya taka,pt itci kayan hutani (ikani)
koperasi sinar harapan jaya,pt itci/itciku
koperasi sumber rejeki,pt jati dharma indah
koperasi sumber sejahtera,pt jaya timber trading
koperasi susuk sejahtera abadi,pt kahayan terang abadi
koperasi tandan harapan,pt kalhold
koperasi tani buruk bakul,pt kalimantan satya kencana
koperasi tani hutan binjai group,pt kaltim hutama
koperasi tani maju,pt kamundan raya
koperasi tani manda sakti,pt kandelia alam
koperasi tanjung pawan mandiri,pt karda trades
koperasi tepian prima sawit,pt karunia hutan lestari
koperasi tiga serumpun,pt karya delta permai
koperasi tuah bumi untung benua,pt karya jaya berdikari
koperasi unit desa (kud) air manis,pt karya jaya parakawan
koperasi unit desa (kud) batu mundom sejahtera,pt karya lestari
koperasi unit desa (kud) bina mitra mandiri,pt karya rekanan binabersama
koperasi unit desa (kud) bumi jaya,pt karya wijaya sukses
koperasi unit desa (kud) bungo tanjung,pt kawedar wood industry
koperasi unit desa (kud) dwi tunggal,pt kayu ara jaya raya
koperasi unit desa (kud) korpri,pt kayu pusaka bumi makmur
koperasi unit desa (kud) lubuk indah,pt kayu tribuana rama
koperasi unit desa (kud) maju jaya,pt kayu waja
koperasi unit desa (kud) marga makmur,pt kedap sayaaq
koperasi unit desa (kud) patwa usaha mandiri,pt kedap sayaq
koperasi unit desa (kud) permai jaya,pt kedung madu tropical wood
koperasi unit desa (kud) sinar sawit bahagia,pt kemakmuran berkah timber
koperasi unit desa (kud) tampak sakti,pt kiani lestari (eks pt gpi)
koperasi unit desa (kud) tani mandiri,pt kodeco timber
koperasi unit desa (kud) tani subur,pt kurniatama sejahtera
koperasi unit desa (kud) teratai biru,pt kusuma atlas timber
koperasi unit desa (kud) tiku v jorong,pt lamuri timber
koperasi unit desa (kud) tri cuko jaya,pt lanjak deras jaya raya
koperasi unit desa (kud) tuhu asih,pt lembah hijau semesta
koperasi unit desa (kud) tunggal mandiri (perhimpunan petani swadaya sapta tunggal mandiri),pt lestari damai indah tbr
koperasi unit desa (kud) tunggal mulya,pt limbang ganesa
koperasi unit desa (kud) wahana jaya kumpeh ulu,pt mahardika insan mulia
koperasi usaha bersama,pt maluku sentosa
koperasi usaha etam,pt mancaraya agro mandiri
koperasi usaha mandiri,pt mangole timber unit i
koperasi usaha perkebunan puncak idaman,pt mangole timber v (dh pt ceram cahaya tbr)
koperasi warga rimba,pt mangole unit vi (phonix harapan tbr)
koperasi wesoor mandiri,pt manokwari mandiri lestari
koperasi womba lestari,pt maragadaya wood work
korwil sawit mandiri,pt mardhika insan mulia
lily harjati soedewo,pt marimun timber industri
mirwan mallo,pt maruwai timber (barito pasific timber iv)
muchtar mala,pt megapura membramo bangun
mustapa wahid,pt melapi timber
nap lapalu,pt membramo alas mandiri
nasrun porogi,pt menorah loggingindo
nefo ng,pt meranti mustika
pd bina usaha,pt meranti sakti indonesia ii
pd pembangunan sulut ii,pt mijaraya sembada
pd perkebunan daerah sumatera utara,pt minas pagai lumber corp
pd perkebunan daerah sumatera utara (block perkebunan palili),pt mitra pembangunan global
perkebunan inti rakyat (pir) khusus,pt mitra perdana palangka
perkebunan inti rakyat (pir) khusus (sei. siasam - sei. pendalian),pt mohairson pawan khatulistiwa
petani landreform,pt mohtra agung persada
primer koperasi angkatan darat (primkopad) arhanud btng,pt mondialindo setya pratama
primer koperasi angkatan darat (primkopad) batalyon 611,pt mugitriman international
primer koperasi angkatan darat (primkopad) kodam t. pura,pt mukti artha yoga
primer koperasi angkatan darat (primkopad) korem 031 wirabima,pt multi sibolga timber
primer koperasi angkatan laut (primkopal) lanal sengatta,pt multi wahana wijaya
pt abadi borneo plantations,pt mulya karya jayaco
pt abadi lestari subulussalam,pt mutiara sabuk khatulistiwa
pt abadi mulia sentosa,pt narkata rimba
pt abdi budi mulia,pt nusa niwe indah
pt abdilla kesuma,pt nusa padma corporation
pt abiputra bina inter,pt nusapadma corp
pt abs,pt oceanis timber
pt aceh raya corpindo,pt pakar mula bhakti
pt adei crumb rubber,pt palopo timber company
pt adei plantation and industry,pt pandu jaya gemilang agung
pt adhyaksa dharma satya,pt panei lika sejahtera
pt adimulia palmo lestari,pt papua hutan lestari makmur
pt adimulya agrolestari,pt papua satya kencana
pt aditarwan,pt pasuruan furnindo inds
pt aditunggal mahajaya,pt pemantang abaditama
pt aditya agroindo,pt penambangan
pt aditya palma nusantara,pt permata borneo abadi
pt aek tarum,pt poleko yurbarson trad
pt agra bumi niaga,pt porodisa trading and industrial co
pt agra cahaya keumala,pt praba nugraha tech
pt agra jaya bhaktitama,pt prima bumi sakti
pt agra masang perkasa plantation,pt puji sempurna raharja
pt agra sawitindo,pt pusaka agro sejahtera
pt agrajaya baktitama,pt putra duta indah wood
pt agri andalas,pt raja garuda mas lestari
pt agri bumi sentosa,pt rangga kesuma
pt agri east borneo,pt ranggau abdinusa
pt agri plus,pt rante mario
pt agribisnis sukses bersama,pt ratah timber
pt agricinal,pt ratu miri
pt agricore dasa indonesia,pt reki (restorasi ekosistem indonesia)
pt agricore tri indonesia,pt restorasi ekosistem indonesia
pt agrina indah,pt rimba karya rayatama
pt agrina sawit perdana,pt rimba makmur sentosa
pt agrindo green lestari,pt rimba megah lestari
pt agrindo indah perkasa,pt rimba sempana makmur
pt agrindo indah persada,pt rinanda inti lestari
pt agrindo panca tunggal perkasa,pt risana indah forest
pt agrindo prima niaga,pt riu mamba karaya sentosa
pt agrindo raya,pt riu mamba karya sentosa
pt agrindo sukses sejahtera,pt rizki kacida keana (jangka 15 th)
pt agrinusa persada mulia,pt rizki kacida reana
pt agriprima cipta persada,pt rodamas tbr kalimantan
pt agrita sari prima,pt sagindo sari lestari i
pt agro abadi,pt sagindo sari lestari ii
pt agro andalan,pt salaki mandiri sejahtera
pt agro bisnis sumber makmur,pt salaki summa sejahtera
pt agro bukit,pt sapta krida kita
pt agro bumi lestari,pt sarana piranti utama
pt agro caping,pt sarana trisara bhakti
pt agro citra mulia,pt sarang sapta putra
pt agro indo sawit,pt sari bumi kusuma
pt agro indo sukses,pt sari bumi kusuma (unit i dan ii)
pt agro indomas,pt sarmiento parakanca tbr
pt agro indomas (ck),pt satria yuda wanabakti
pt agro inti abadi,pt satya sena indratama
pt agro inti kencana mas,pt satyaguna sulajaya
pt agro kati lama,pt segara indochem & pt segara timber
pt agro lestari kencana makmur,pt sentral pitulempa
pt agro makmur abadi,pt seroja universum narwastu
pt agro makmur abadi sejahtera,pt sewaka lahan sentosa
pt agro mandiri perdana,pt sewaka lahan sentosa
pt agro mandiri sukses,pt siak raya timber
pt agro manunggal sawitindo,pt sikatan wana raya
pt agro menara rachmat,pt sima agung
pt agro muara rupit,pt sindo lumber
pt agro muko,pt sinergi bumi lestari
pt agro muko (plasma),pt sinergi hutan sejati
pt agro nur hidayah,pt suka jaya makmur
pt agro nusa abadi,pt sulwood
pt agro palindo sakti,pt sulwood eksport development
pt agro rawas ulu,pt sumalindo lestari jaya i (eks hph pt gompu)
pt agro sarimas indonesia,pt sumalindo lestari jaya ii
pt agro sawit mas,pt sumalindo lestari jaya iv
pt agro sawit mas lestari,pt sumalindo lestari jaya tbk
pt agro sejahtera manunggal,pt sumber mas timber
pt agro sinergi nusantara,pt sumber mitra jaya
pt agro soaba lestari,pt sumpol timber
pt agro subur permai,pt surya kirana dutamas
pt agro tumbuh gemilang abadi,pt sylvia ery timber
pt agro wana lestari,pt taiwi iii /
pt agrojaya tirta kencana,pt taliabu luna timber
pt agrokarya primalestari,pt talisan emas
pt agrokarya primalestari (plasma),pt taman raja persada
pt agrolestari mandiri,pt tawang meranti
pt agrolestari sentosa,pt telaga bhakti persada
pt agronusa bumi lestari,pt telagamas kalimantan
pt agronusa bumi sejahtera,pt telakai mandiri sejahtera
pt agronusa investama,pt teluk bintuni mina agro k
pt agroperak sejahtera,pt teluk nauli
pt agroraya gematrans,pt the best one unit
pt agrosarana mandiri,pt the best one unit timber
pt agrotamex sumindoabadi,pt tiar bungin elok
pt agrowiratama,pt timber dana
pt agrowiratama (phase ii),pt tingang karya mandiri
pt agrowiyana,pt toras banua sukses
pt agsi,pt tri tunggal eboni
pt airlangga sawit jaya,pt trijasa mas karya inti
pt alam jaya persada,pt trisetia citagraha
pt alam kalbar,pt trisetia intiga
pt alam karya sejahtera,pt triwira asta barata
pt alam lestari indah,pt tunas pusaka mandiri
pt alam permai makmur raya,pt tunas sawaerma
pt alam permai sumbar nusa,pt tunggal agathis
pt alam sari lestari,pt tunggal pamenang
pt alam sawit,pt utama damai indah tbr
pt alami tri abadi,pt wahana sari sakti
pt alao kuning,pt wana adiprima mandiri
pt aldha elprista,pt wana agung asa utama
pt alfa glory indah,pt wana bhakti persada u
pt alhada agro sejahtera,pt wana galang utama
pt alkautsar,pt wana inti kahuripan intiga
pt almadani,pt wana irian perkasa
pt alno agro utama,pt wana kayu batu putih
pt aloer timur,pt wana kayu hasilindo
pt amal tani,pt wana kencana sejati
pt amalia hani sejahtera,pt wana kencana sejati ii
pt anam koto,pt wana potensi nusa
pt andalan alam sumatera,pt wana rimba kencana
pt andalan sentosa abadi,pt wanasokan hasilindo
pt andalan sukses makmur,pt wanatirta ediwibowo
pt andalas nusantara permai,pt wangsa karya lestari
pt andalas wahana berjaya,pt wapoga iii (d/h kayu ekaria)
pt andalas wahana sukses,pt wapoga mutiara timber ii
pt andes agro investama,pt wapoga mutiara timber unit i
pt andes sawit lestari,pt widuri utama timber
pt andes sawit mas,pt widya artha perdana
pt andira agro,pt wiralano
pt aneka bumi papua,pt wukirasari
pt aneka inti persada,pt yakin timber jaya
pt aneka khencana wijaya,pt yotefa sarana timber
pt aneka pura multi kerta,pt zedsko indonesia
pt anekapura multi kerta,pt.artika optima inti unit iv (d/h green timber)
pt anekareksa international,pt.duaja corp ii
pt antang ganda utama,pt.gema hutani lestari (d/h pt gema sanubari)
pt antang sawit perkasa,pt.hanurata co ltd (jayapura)
pt antar mustika segara,pt.mangole timber iii (d/h pt taliabu timb)
pt anugerah abadi multi usaha,pt.mangole timber prod ii
pt anugerah agro sukses,pt.taiwi unt ii (pt tunas forestra)
pt anugerah agung prima abadi,sumalindo lestari jaya v
pt anugerah alam nusantara,
pt anugerah alam persada,
pt anugerah energitama,
pt anugerah karya lestari,
pt anugerah langkat makmur,
pt anugerah makmur sejati,
pt anugerah niaga sawindo,
pt anugerah palm indonesia,
pt anugerah papua investindo utama,
pt anugerah sakti internusa,
pt anugerah saritama abadi,
pt anugerah sawit andalan,
pt anugerah sulawesi indah,
pt anugerah urea sakti,
pt anugrah bintang itah,
pt anugrah cipta persada,
pt anugrah kebun mandiri,
pt anugrah kebun utama,
pt anugrah kembang sawit sejahtera,
pt anugrah pola nusa,
pt anugrah surya mandiri,
pt anugrah urea sakti,
pt aquatic sungai berombang,
pt arian multi kawa,
pt arindo trisejahtera,
pt arjuna utama sawit,
pt arona teluk tomini,
pt arrtu agro nusantara,
pt arrtu borneo perkebunan,
pt arrtu energie resources,
pt arrtu plantation,
pt artanusa agrindo,
pt arvena sepakat,
pt arya guna sentosa,
pt asam jawa,
pt asda,
pt asdal prima lestari,
pt asia mukti lestari,
pt asiatic inti persada,
pt asoe lampoeh,
pt asri rimba wira bhakti,
pt astra agro lestari,
pt atakana,
pt austindo nusantara jaya agri and pt smm (block siais),
pt austindo nusantara jaya agri and thomas andrew m,
pt austindo nusantara jaya tbk (formerly pt pusaka agro makmur),
pt azek sakti,
pt badra cemerlang,
pt bagong putra serasi,
pt bahagia jaya perdana,
pt bahana karya semesta,
pt bahari gembira ria,
pt bahaur era sawit tama,
pt bahrun & sons,
pt bahruny,
pt bais nusantara,
pt bakacak himba bahari,
pt bakrie pasaman plantation,
pt bakrie sumatera plantations,
pt banda aceh sakti jaya,
pt bandar meriah,
pt bangka malindo lestari,
pt bangka putra mandiri,
pt bangkitgiat usaha mandiri,
pt bangun alam selaras,
pt bangun batara raya,
pt bangun cipta mitra perkasa,
pt bangun jaya alam permai,
pt bangun kalimantan,
pt bangun nusa mandiri,
pt bangunjaya alam permai,
pt bank nauli sawit,
pt banua lima sejurus,
pt banuanta prima utama,
pt banyan tumbuh lestari,
pt banyu bening utama,
pt banyu kahuripan indonesia,
pt bapco,
pt bapco/teumaron,
pt bara eka prima,
pt barito gemilang,
pt barito putera plantation,
pt barito putra,
pt barito riau jaya,
pt barong baragas energy,
pt barumun agro sentosa,
pt bastara jayamuda,
pt batu mas sejahtera,
pt batu putih,
pt bekatik lestari,
pt belayan hambau sawit,
pt bengkalis kampar sarana,
pt bengkulu sawit jaya,
pt benih tamiang,
pt berau agro kusuma,
pt berau karetindo lestari,
pt berau multi persada,
pt berau sawit sejahtera,
pt berdische glow,
pt berjaya agro kalimantan,
pt berkah alam fajarmas,
pt berkah sapta palma,
pt berkah sawit abadi,
pt berkala maju bersama (kurun),
pt berkat cipta abadi,
pt berkat nabati sejahtera,
pt berkat sawit sejati,
pt berkat setiakawan abadi,
pt berkat usaha jaya sulut,
pt berkelindo jaya pratama,
pt berlian mitra inti,
pt bersama sejahtera sakti (1),
pt bertuah aneka yasa,
pt betami,
pt beuna coklat corp,
pt beurata maju,
pt bhadra cemerlang,
pt bhakti usaha dinamika,
pt bhumi inti lestari,
pt bhumi karya nusantara,
pt bhumi rantau energi,
pt bhumi simanggaris indah,
pt biccon agro makmur,
pt bilah plantindo,
pt bima agri sawit,
pt bima palma nugraha,
pt bima sakti kalimantan persada,
pt bina agro berkembang lestari,
pt bina bumi sejahtera,
pt bina fitri jaya,
pt bina graha utama makmur,
pt bina karya nuansa sejahtera,
pt bina pratama sakato jaya,
pt bina produksi melosia,
pt bina rupat sepang lestari,
pt bina saint corp (i),
pt bina sarana sawit utama,
pt binanga mandala,
pt binasawit abadipratama,
pt binasawit makmur,
pt bintang harapan desa,
pt bintang mas,
pt bintang mulya sinar agung,
pt bintang permata khatulistiwa,
pt bintang riau sejahtera,
pt bintang sakti lengana,
pt bintang sawit lestari,
pt bintang selatan agro,
pt bintang surya utama,
pt bintara tani nusantara,
pt bintuni sawit makmur block i,
pt bintuni sawit makmur block ii,
pt bio budidaya nabati,
pt bio inti agrindo block i,
pt bio inti agrindo block ii,
pt bio nusantara teknologi,
pt bisma dharma kencana,
pt blang ara,
pt blang ketumba,
pt blang seunong raya,
pt blangkara rayeuk,
pt blangkolam,
pt blangkolam adipratama,
pt bolmin indah,
pt bonti permai jayaraya,
pt borneo bhakti sejahtera,
pt borneo eka sawit tangguh,
pt borneo estate sejahtera,
pt borneo indah marjaya,
pt borneo indo subur,
pt borneo indo tani,
pt borneo international anugerah,
pt borneo karya cipta,
pt borneo ketapang permai,
pt borneo khatulistiwa,
pt borneo palm plantation,
pt borneo palma resources,
pt borneo persada energy jaya,
pt borneo sawit perdana,
pt borneo subur abadi,
pt borneo subur prima,
pt borneo subur semesta,
pt borneo surya mining jaya,
pt boswa megalopolis,
pt bovendigoel budidaya sentosa,
pt brahma bina bakti,
pt buana adhitama,
pt buana artha sejahtera,
pt buana estate,
pt buana hijau abadi,
pt buana kalimantan makmur,
pt buana karya bhakti,
pt buana minerindo pratama,
pt buana mudantara,
pt buana sawit indah,
pt buana sriwijaya sejahtera,
pt buana tunas sejahtera,
pt buana wira lestari,
pt buana wiralestari mas,
pt buana wirasubur sakti,
pt budi duta agro makmur,
pt budi sula intim i,
pt budi sula intim ii,
pt budi tani kembang jaya,
pt budidaksa dwi kusuma,
pt budidaya agro lestari,
pt budidaya anekaflora,
pt bugak brawang cemerlang,
pt buket nibong palm,
pt bukit barisan indah prima,
pt bukit bintang sawit,
pt bukit borneo sejahtera,
pt bukit hijau lestari,
pt bukit jagoi indah,
pt bukit kausar,
pt bukit mas sawit subur,
pt bukit palem,
pt bukit prima platindo,
pt bukit safa,
pt bukit seroja,
pt bukit tambi,
pt bukit tangga lima,
pt buluh cawang plantation,
pt bulungan citra agro persada,
pt bulungan hijau perkasa,
pt bulungan surya mas pratama,
pt bulungan surya mas pratama 2,
pt bumi agro prima,
pt bumi alam sentosa,
pt bumi bangka lestari,
pt bumi daya plantation,
pt bumi flora,
pt bumi flora (i),
pt bumi flora (ii),
pt bumi flora (iii),
pt bumi hutani lestari,
pt bumi irian perkasa,
pt bumi khatulistiwa mandiri,
pt bumi langgeng perdanatrada,
pt bumi likarez,
pt bumi mas agro,
pt bumi mas sejati,
pt bumi mentari karya,
pt bumi pasir agrindo,
pt bumi perkasa gemilang,
pt bumi permai lestari,
pt bumi permai surya lestari,
pt bumi permata allo,
pt bumi pratama khatulistiwa,
pt bumi raya investindo,
pt bumi raya investindo (bri ilocation),
pt bumi reksa nusasejati,
pt bumi sawindo permai,
pt bumi sawit kencana,
pt bumi sawit permai,
pt bumi sawit sejahtera,
pt bumi sawit sukses pratama,
pt bumi sempana plantations,
pt bumi sentosa lestari,
pt bumi sentosa lestari and pt subur mitra agro,
pt bumi sriwijaya sentosa,
pt bumi subur lestari,
pt bumi sumber sari sakti,
pt bumi tani jaya,
pt bumi tata lestari,
pt bumimas ms,
pt bumipalma lestaripersada,
pt bumiraya investindo,
pt bumiraya investindo (tpsum i),
pt bumitama gunajaya abadi,
pt cahaya agro sawit,
pt cahaya borneo sukses agrobind,
pt cahaya idola tunggal rona alam,
pt cahaya pelita andhika,
pt cahaya sawit sejahtera,
pt cahayanusa gemilang,
pt cahya vidi abadi,
pt cakra wala nusa semesta,
pt cakradenta agung pertiwi,
pt cakung permata nusa,
pt campang tiga,
pt candi arta,
pt cemaru lestari,
pt cemaru lestari ii,
pt cemerlang abadi,
pt cemerlang gunung lintas lautan,
pt cempaka agro lestari,
pt centar borneo agro persada,
pt central anugrah sukses,
pt central protein prima,
pt central sejahtera sukses,
pt cerenti subur,
pt ceria prima,
pt ceria prima 2,
pt charindo palma oetama,
pt cibaliung tunggal plantations,
pt ciliandra perkasa,
pt ciliandry anky abadi,
pt cipta agro mitra mandiri,
pt cipta agro nusantara,
pt cipta davia mandiri,
pt cipta daya sejati luhur,
pt cipta futura,
pt cipta karsa kahuripan,
pt cipta karya perdana hualoy (block i),
pt cipta karya perdana hualoy (block ii),
pt cipta karya sesayap,
pt cipta lestari sawit,
pt cipta narada lestari,
pt cipta papua plantation block a,
pt cipta papua plantation block b,
pt cipta tamiang makmur,
pt cipta tumbuh berbuah,
pt cipta tumbuh berkembang,
pt cipta usaha sejati,
pt ciptamas bumi selaras,
pt ciptaprasasti lestari,
pt ciptatani kumai sejahtera,
pt ciptatani kumai sejahtera 2,
pt citra agro abadi,
pt citra agro kencana,
pt citra agro perkasa abadi,
pt citra borneo indah,
pt citra ganda utama,
pt citra indonesia agro,
pt citra kalbar sarana,
pt citra karya injata,
pt citra koprasindo tani,
pt citra lestari sawit,
pt citra mahkota,
pt citra mitra perkasa utama,
pt citra mulia inti,
pt citra niaga perkasa,
pt citra nusa inti sawit,
pt citra palma sejati,
pt citra palma semesta,
pt citra permata serundung,
pt citra riau sarana,
pt citra sawit cemerlang,
pt citra sawit harum,
pt citra sawit indah lestari,
pt citra sawit lestari,
pt citra sawit mandiri,
pt citra tani utama,
pt citralaras cipta indonesia,
pt citramas tanah pusaka,
pt citramulia manunggal,
pt citraputra kebunasri,
pt cocos nucifera,
pt condong garut,
pt dagang industri,
pt dalanta anugrah persada,
pt damai agro sejahtera,
pt damai jaya sejahtera,
pt damai nusa sekawan,
pt damar siput,
pt damit mitra sekawan,
pt damitama mas sejahtera,
pt dapur sawit,
pt dar plantation,
pt darbi plantations,
pt daria dharma pratama,
pt darmali jaya lestari,
pt darmex plantation,
pt darsum,
pt darus arr rugayah,
pt dasa anugrah sejati,
pt daya indah nusantara,
pt daya labuhan indah,
pt daya landak plantation,
pt daya semesta agro persada,
pt dede gandasuling,
pt deli mina tirta karya,
pt delima makmur (i),
pt delima makmur (ii),
pt delima makmur (iii),
pt delta subur permai,
pt delta utama resources,
pt dendymarker indah lestari,
pt desa jaya,
pt desaria plantation mining,
pt dewata sawit nusantara,
pt dharma agrotama nusantara,
pt dharma agung,
pt dharma buana lestari,
pt dharma intisawit lestari,
pt dharma intisawit nugraha,
pt dharma sawita nusantara,
pt dharma wungu guna,
pt dharya hadirra kartikatama,
pt dhibi alam lestari,
pt dian agro mandiri,
pt dian kumala persada,
pt dian rizpoda,
pt dinamica rimba utama,
pt dinamika multi prakarsa,
pt dinamika prima artha,
pt dipta agro lestari,
pt djuandasawit lestari,
pt dongin prabhawa,
pt dua perkasa lestari,
pt duet rija,
pt dumai indah perkasa,
pt dumai indah perkasa (b),
pt dunia hijau lestari,
pt dunia perdana,
pt duta palma nusantara,
pt duta rendra mulya,
pt duta sejahtera utama,
pt duta sumber nabati,
pt duta surya pratama,
pt duta swakarya indah,
pt duta visi global,
pt dutanusa lestari,
pt dwi es plantation,
pt dwi kencana semesta a,
pt dwi kencana semesta b,
pt dwi wiramulia utama,
pt dwie warna karya,
pt dwimekar persada,
pt dwiwira lestari jaya,
pt eastern sumatera indonesia,
pt egasuti nasakti,
pt egasuti nasakti (ii),
pt egasuti nasakti i  (block b),
pt eka dura indonesia,
pt ekadaya sejati sukses,
pt elders indonesia,
pt eluan mahkota,
pt emha kebun,
pt emida,
pt enam agro cemerlang,
pt enggang alam sawita,
pt equalindo makmur alam sejahtera,
pt era sawit sejati,
pt eramitra agro lestari,
pt erasakti wiraforestama,
pt eraska agro karya utama,
pt ernama karya,
pt etam bersama lestari,
pt evans lestari (beliti area),
pt evans lestari (trawas area),
pt expravet nasuba,
pt fadja agung company (faguco),
pt fairco agro mandiri,
pt fajar baizury & brothers,
pt fajar indah anindya,
pt fajar mas indah plantations,
pt fajar pematang indah lestari,
pt fajar saudara lestari,
pt fangiono agro plantation,
pt fangiono plantation,
pt farinda bersaudara,
pt fayoum,
pt felda indo mulia,
pt fiel green power,
pt first lamandau timber international,
pt fitron windu utama,
pt flora nusa perdana,
pt flora wahana tata,
pt foresta lestari dwikarya,
pt fortuna utama globalindo,
pt fpp,
pt future agropia indonesia,
pt gading bhakti,
pt gading cempaka graha,
pt gading sawit kencana,
pt gaharu prima lestari,
pt galempa sejahtera bersama,
pt ganda buanindo,
pt gandaerah hendana,
pt gapura,
pt gapura alas lestari,
pt gatra kembang paseban,
pt gaung satyagraha agrindo (block i),
pt gaung satyagraha agrindo (block ii),
pt gaung satyagraha agrindo (block iii),
pt gawi bahandep sawit mekar,
pt gawi makmur kalimantan,
pt gelora mandiri membangun,
pt gelora sawita makmur,
pt gemareksa mekarsari,
pt gemilang abadi sejahtera,
pt gemilang makmur subur,
pt gemilang sawit kencana,
pt gemilang sejahtera abadi,
pt general aura semari,
pt gerbang benuaraya,
pt gerbang sawit indah,
pt gergas,
pt gergas utama,
pt gersindo minang plantation,
pt geulumpang raya,
pt ginang fohu plantation,
pt global kalimantan makmur,
pt global primatama mandiri,
pt global sawit semesta,
pt globalindo agung lestari,
pt globalindo alam perkasa,
pt golden agro sejahtera,
pt golden blossom sumatera,
pt golden land makmur,
pt gotong royong,
pt graha agro nusantara,
pt graha cakramulia,
pt graha cipta bangko jaya,
pt graha cipta mitra jaya,
pt graha indo sawit andal tunggal,
pt graha inti jaya,
pt graha jaya abadi i,
pt graha kencana mulia,
pt grahadura leidongprima,
pt grand mitra borneo,
pt grand utama mandiri,
pt gruti lestari pratama,
pt gumas alam subur,
pt guna usagri pratama,
pt guna wana sejahtera,
pt gunajaya harapan lestari,
pt gunajaya karya gemilang,
pt gunajaya ketapang sentosa,
pt gunci geubrina,
pt gunta samba,
pt gunta samba jaya,
pt guntung hasrat makmur,
pt guntung idamannusa,
pt gunung agung perkasa,
pt gunung bangau,
pt gunung maras lestari,
pt gunung mas raya,
pt gunung mas raya (sungai bangko estate),
pt gunung mas raya (sungai rumbia 1 and 2 estate),
pt gunung pelawan lestari,
pt gunung rijuan sejahtera,
pt gunung sawit bina lestari,
pt gunung sawit selatan lestari,
pt gunung sejahtera dua indah,
pt gunung sejahtera ibu pertiwi,
pt gunung sejahtera puti pesona,
pt gunung sejahtera yoli makmur,
pt gunung synaji,
pt gunung tua abadi,
pt haji la tunrung cocoa plantation,
pt haji la tunrung malili shrimp,
pt haji la tunrung udang windu,
pt haji suleiman saleh,
pt halimun wira tani,
pt hamita utama karsa,
pt hampalit jaya,
pt hamparan hijau,
pt hamparan kencana sakti,
pt hamparan masawit  bangun persada,
pt hamparan mitra abadi,
pt hamparan perkasa mandiri,
pt hamparan sentosa,
pt hanuraba sawit kencana,
pt hanusentra agro lestari,
pt harapan barito sejahtera,
pt harapan hibrida kalbar,
pt harapan kaltim lestari,
pt harapan rimba raya,
pt harapan sawit lestari,
pt harapan subur lestari,
pt hardaya inti plantations,
pt hardaya sawit papua plantation,
pt harisa agro lestari,
pt harlitama agri makmur,
pt harmoni karya sawit,
pt hasfarm holtikultura sulawesi,
pt hasfarm sukokulon,
pt hasil aneka maju,
pt hasil bumi andalan,
pt hasil bumi indonesia,
pt hasil sawit bina sejahtera,
pt hasjrat tjipta,
pt hasnur jaya utama,
pt hasnur sawit putra,
pt hastika palma kencana,
pt hati prima agro,
pt hazrin nurdin nusaphala,
pt hcw papua plantation,
pt heksa jaya abadi,
pt henrison inti persada (core plantation),
pt henrison inti persada (milling),
pt henrison inti persada (plasma),
pt herfinta farm & plantation,
pt herka yang subur,
pt heroes green energy,
pt hexasetia sawita,
pt hijau alam raya,
pt hijau pertiwi indah plantations,
pt hijau pryan perdana,
pt hilton duta lestari,
pt himalaya,
pt hindoli,
pt hindoli (block 1),
pt hindoli (plasma),
pt humusindo makmur sejati,
pt hungarindo persada,
pt hutahaean,
pt hutan alam lestari,
pt hutan hijau mas,
pt hutan sawit lestari,
pt hutanindo agro lestari,
pt ichiko agro lestari,
pt ichtiar gusti pudi,
pt impian jaya lestari,
pt inang sari,
pt incasi raya,
pt indah poncan,
pt indah pontjan,
pt indhasana hupasarana,
pt indo alam makmur,
pt indo alam peunaron,
pt indo asiana lestari,
pt indo sawit jaya,
pt indo sawit kekal,
pt indo sawit perkasa,
pt indo sawit subur buatan,
pt indokarya gema sakti,
pt indokebun unggul,
pt indomas paser,
pt indonesia plantation synergy,
pt indonusa agromulia,
pt indopenta sejahtera abadi,
pt indoplasma lestari,
pt indoraya everlatex,
pt indoresins putra mandiri,
pt indotruba tengah,
pt indralaya agro lestari,
pt indriplant,
pt indrogunas pratama,
pt inecda,
pt inhutani iii,
pt inhuwana palma lestari,
pt inkud agritama,
pt inma jaya group,
pt inma makmur lestari,
pt inmal tani,
pt interna belagro,
pt internusa jaya sejahtera,
pt internusa jaya sejahtera (a),
pt internusa jaya sejahtera (b),
pt internusa jaya sejahtera (c),
pt internusa jaya sejahtera (d),
pt inti energi kaltim,
pt inti global laksana,
pt inti indosawit subur,
pt inti indosawit subur (block hari sawit jaya/hsj),
pt inti indosawit subur (block kak),
pt inti indosawit subur (block kan),
pt inti indosawit subur (block kpt),
pt inti indosawit subur (block kts),
pt inti indosawit subur (gunung melayu plantation),
pt inti indosawit subur (kpm plantation),
pt inti kamparindo sejahtera,
pt inti kebun lestari (block i),
pt inti kebun lestari (block ii),
pt inti kebun sawit,
pt inti kebun sawit (plasma) koperasi serba usaha (ksu)  seget sawit lestari,
pt inti kebun sawit (plasma) koperasi serba usaha (ksu) seget sawit lestari,
pt inti kebun sejahtera (block i),
pt inti kebun sejahtera (block i) (plasma) koperasi mekar maju bersama,
pt inti kebun sejahtera (block i) (plasma) koperasi sawit desa bersatu,
pt inti kebun sejahtera (block ii),
pt inti kebun sejahtera (block ii) (plasma) koperasi mekar maju bersama,
pt inti kebun sejahtera (block iii),
pt inti kebun sejahtera (block iv),
pt inti palm sumatera,
pt inti selaras perkasa,
pt inti tama samudra perk,
pt intimegah bestari pertiwi,
pt intitama berlian perkebunan,
pt intitama perkebunan prima,
pt investa karya bakti,
pt is,
pt isera sutra indonesia,
pt ismul azam,
pt ita mogoreben,
pt ivo mas tunggal,
pt ivo mas tunggal (i),
pt jabontara eka karsa,
pt jake sarana,
pt jalin vaneo,
pt jalur pusaka sakti kumala,
pt jambi agro wijaya,
pt jambi batanghari plantation,
pt jamika raya (i),
pt jamika raya (ii),
pt jammer tulen,
pt jarak pagar katingan perdana,
pt jasuma kumpah indah,
pt jatim jaya perkasa,
pt jatropha solutions,
pt jaya baru pertama,
pt jaya buana raya trading coy,
pt jaya citra,
pt jaya jadi utama,
pt jaya mandiri sukses,
pt jaya mandiri sukses 2,
pt jhonlin agro lestari,
pt jo perkasa agro technologies,
pt johan sentosa (ii),
pt jonggon gerbang sawit,
pt kahayan agro lestari,
pt kahayan agro plantation,
pt kalbar inti plantation,
pt kalbar maju dinamika,
pt kaliau mas perkasa,
pt kalimantan agro kencana,
pt kalimantan agro lestari,
pt kalimantan agro nusantara,
pt kalimantan agro pusaka,
pt kalimantan bina permai,
pt kalimantan grend persada,
pt kalimantan hamparan sawit,
pt kalimantan hijau sentosa,
pt kalimantan lestari mandiri,
pt kalimantan oleo ind,
pt kalimantan prima agro mandiri,
pt kalimantan ria sejahtera,
pt kalimantan sanggar pusaka,
pt kalimantan sawit abadi,
pt kalimantan sawit kusuma,
pt kalista alam,
pt kalpataru sawit plantations,
pt kalsa abadi,
pt kalsum pratama perkasa,
pt kaltim artha pusaka,
pt kaltim bhumi palma,
pt kaltim hijau makmur,
pt kaltim palma makmur,
pt kaltimex jaya,
pt kampar palma utama,
pt kapuas bio agro,
pt kapuas indo palm lestari,
pt kapuas k,
pt kapuas maju jaya,
pt kapuas rimba sejahtera,
pt kapuasindo palm industry,
pt karangjuang hijau lestari,
pt karimun aromatics,
pt karisma mulia sentosa,
pt kartanegara kumalasakti,
pt kartika cipta pratama,
pt kartika jemaja jaya (block a),
pt kartika jemaja jaya (block b),
pt kartika jemaja jaya (block c),
pt kartika jemaja jaya (block d),
pt kartika prima cipta,
pt karunia alam makmur,
pt karunia jayatama mandiri,
pt karunia kasih indah,
pt karunia kencana permai sejati,
pt karya agung megah utama,
pt karya bakti agro sejahtera,
pt karya bakti agro sejahtera 3,
pt karya bhakti sejahtera agrotama,
pt karya boga kusuma,
pt karya boga mitra,
pt karya dewi putra,
pt karya hevea indonesia,
pt karya luhur sejati,
pt karya makmur abadi,
pt karya makmur bahagia,
pt karya makmur langgeng,
pt karya makmur sejahtera,
pt karya mufakat lestari,
pt karya pratama agri sejahtera,
pt karya prima agro sejahtera,
pt karya proja nelayan,
pt karya sukses utama prima,
pt karya tama bakti mulya,
pt karya tanah subur,
pt karyabadi samasejati,
pt karyanusa ekadaya,
pt karyatama bakti mulia,
pt kasih agro mandiri iii,
pt kaswari unggul,
pt katingan hijau lestari,
pt katingan indah utama,
pt katingan mujur sejahtera,
pt kawisan central asia,
pt kayan plantation,
pt kayung agro lestari,
pt kebun aria,
pt kebun ganda prima,
pt kebun mandiri sejahtera,
pt kebun pantai raja,
pt kebun raya industrindo,
pt kedap sayaaq dua,
pt keham agro sejahtera,
pt kelantan sakti,
pt kemilau indah nusantara,
pt kencana alam permai,
pt kencana amal tani,
pt kencana graha permai,
pt kencana sawit indonesia,
pt kencana sawit indonesia (plasma) koperasi unit desa (kud) sei kunyit,
pt kencana sawit indonesia (plasma) koperasi unit desa (kud) talao,
pt kerasaan indonesia,
pt kereng pangi pedana,
pt kerry sawit indonesia,
pt ketaling utama sejahtera,
pt ketapang agro lestari,
pt ketapang hijau lestari,
pt ketapang subur lestari,
pt keutapang sakti,
pt khaleda agroprima malindo,
pt khaleda prima mandiri,
pt kharisma alam persada,
pt kharisma inti usaha,
pt kharisma kemingking,
pt kharisma riau sentosa prima,
pt khatulistiwa agro abadi,
pt kiara sawit abadi,
pt kilau indah cemerlang,
pt kilau kemuning,
pt kimia tirta utama,
pt kintap jaya wattindo,
pt kirana kapuas,
pt kirana sinar gemilang,
pt kodeco agrojaya mandiri,
pt komogan barutama permai,
pt koperasi kingsang makmur,
pt kosta palmira,
pt kota bangun plantation,
pt kotabangun sawit sejahtera,
pt kresna duta agroindo,
pt kretam iramindo (i),
pt krida darma kahuripan,
pt kridatama lancar,
pt kruing lestari jaya,
pt kuala peusangan,
pt kuana murifa,
pt kukar commodities worldwide,
pt kumai sentosa,
pt kumai sentosa (plasma),
pt kumala jambi perkasa,
pt kurnia luwuk sejati,
pt kurnia mas,
pt kurnia mulia pusaka,
pt kurnia nabati utama,
pt kurnia sawit yanto bersaudara,
pt kurun sumber rejeki,
pt kusuma alam sari,
pt kutai agro jaya,
pt kutai agro lestari,
pt kutai balian nauli,
pt kutai inti utama,
pt kutai mitra sejahtera,
pt kutai sawit plantations,
pt kutim agro mandiri,
pt kwala gunung,
pt kwartapati,
pt ladang rumpun subur abadi,
pt ladang sawit kendawangan,
pt ladang sawit mas,
pt ladang sawit sejahtera,
pt laguna mandiri,
pt lahan agro inti ketapang,
pt lahan tani sakti,
pt lahan tani sakti (alur dumai estate),
pt lanang agro bersatu,
pt lanang bersatu,
pt landen rosalia mandiri,
pt langgai agrindo agung,
pt langgam harmoni,
pt langgam inti hibrindo,
pt langgeng makmur sejahtera,
pt langgeng muaramakmur,
pt langgeng muaramakmur (block b),
pt langkat batang serangan,
pt langkat nusantara kepong,
pt laot bangko,
pt laras astra kartika,
pt laras inter nusa,
pt ledo lestari,
pt lembah bakti,
pt lembah sawit subur,
pt lembu jaya,
pt lestari abadi perkasa,
pt lestari alam raya,
pt lestari gemilang intisawit,
pt lestari tani teladan,
pt lestari unggul jaya,
pt letawa,
pt letawa (block i),
pt limpah sejahtera,
pt lintas khatulistiwa utama,
pt loka indah lestari,
pt london sumatra internasional tbk,
pt long bagun prima sawit,
pt lubuk mangguruh,
pt lunik anugerah,
pt madina agrolestari,
pt maha karya bersama,
pt mahakam hijau makmur,
pt mahakam sawit plantation,
pt mahkota andalan sawit,
pt maiska bhumi semesta,
pt maju aneka sawit,
pt maju indo raya,
pt makmur agro lestari,
pt makmur bersama asia,
pt makmur inti sawita,
pt makmur jaya malindo,
pt makro flora indah alami,
pt malaya sawit khatulistiwa,
pt malindo agro plantation,
pt malindo jaya diraja,
pt malindo jaya group,
pt malindo mas perkebunan,
pt malindo mas perkebunan (mitra jaya site),
pt malindo persada khatulistiwa,
pt mamuang,
pt manakarra unggul lestari,
pt mananjung hayak,
pt mandiri abadi sejahtera,
pt mandiri adi jaya,
pt mandiri kapital jaya,
pt mandu palma lestari,
pt manggala rimba sejahtera,
pt manggalindo saptama guna,
pt manunggal adi jaya,
pt mara jaya,
pt marante rejeki jaya,
pt marhaying agro sukses,
pt marita makmur jaya,
pt mars symbioscience indonesia,
pt marsam citra adiperkasa,
pt marsel huda,
pt maskapai perkebunan leidong west indonesia,
pt mata andau sawit kahuripan,
pt mata epsi agro,
pt maudhy pesthika,
pt maya agro investama,
pt maya agro investama (plasma),
pt mazdah,
pt mazuma agro indonesia,
pt medcopapua hijau selaras,
pt mega buana,
pt mega hijau bersama,
pt mega ika khansa,
pt mega sawindo perkasa,
pt mega surya mas,
pt megah pusaka andalas,
pt megakarya jaya raya,
pt meganusa intisawit,
pt meganusa intisawit (plasma) kredit koperasi primer anggota (kkpa),
pt megasawindo perkasa,
pt mekar karya kahuripan,
pt mekarsari alam lestari,
pt mekarsari alam lestari (addendum),
pt mempawah permai lestari,
pt menara tunggal perkasa,
pt menara wasior,
pt mendahara agro jaya industri (i),
pt menderang planta karpusa,
pt mentari pratama,
pt mentari subur abadi,
pt mentari subur abadi (plasma),
pt mentaya sawit mas,
pt menteng jaya sawit perdana,
pt menteng kencana mas,
pt menthobi makmur lestari,
pt menthobi mitra lestari,
pt menthobi mitra lestari (pt menthobi sawit),
pt menthobi sawit jaya,
pt merbau sakti tani,
pt merbaujaya indahraya,
pt mercu buana,
pt meridan sejatisurya plantation,
pt meskom agro sarimas,
pt mestika karunia abadi,
pt mestika prima lestari indah,
pt meta epsi agro iii,
pt metatani palma abadi,
pt metro yakin jaya,
pt meusara agung corp,
pt milennium resources,
pt minanga kutai timur agro,
pt mirabilis tunggal tualang,
pt mirza pratama putra,
pt mitra abadimas sejahtera,
pt mitra agro persada abadi (i),
pt mitra agro persada abadi (ii),
pt mitra agro persada abadi (iii),
pt mitra agro persada abadi (iv),
pt mitra agrolika,
pt mitra alam pratama,
pt mitra andalan sejahtera,
pt mitra aneka rezeki,
pt mitra austral sejahtera,
pt mitra austral sejahtera a,
pt mitra bangga utama,
pt mitra daya prima,
pt mitra inti sejati plantation,
pt mitra jaya agro palm,
pt mitra jaya cemerlang,
pt mitra jeruk lestari,
pt mitra kapuas agro,
pt mitra karya sentosa,
pt mitra mendawai sejati,
pt mitra ogan,
pt mitra ogan (plasma),
pt mitra ogan (unit ii),
pt mitra palmindo langgeng,
pt mitra puding mas,
pt mitra saudara lestari,
pt mitra sawit kumala abadi,
pt mitra sawit makmur,
pt mitra sawit sejahtera,
pt mitra sejati sejahtera bersama,
pt mitra silva lestari (block i),
pt mitra silva lestari (block ii),
pt mitra ulam kaltim,
pt mitra unggul pusaka,
pt mitra unggul tama perkasa,
pt mitrakarya agroindo,
pt moesis,
pt molimas,
pt mon jambee,
pt monodon pratama rubertin,
pt monrad intan barakat,
pt mopoli raya,
pt moyo safari abadi,
pt muara ancalong senyiur sawit,
pt muara kahuripan 02,
pt muara kahuripan 03,
pt muara kaman sawit sejahtera,
pt muarabungo plantation (hamparan i),
pt muarabungo plantation (hamparan ii),
pt muarakaman sawit sejahtera,
pt muaratoyu subur lestari,
pt muaro kahuripan indonesia,
pt mujur lestari,
pt mukomuko agro sejahtera,
pt mukomuko agro sejahtera (plasma),
pt mukti sawit kahuripan,
pt mukti sejahtera abadi,
pt mulia agro permai,
pt mulia indah,
pt mulia inti perkasa,
pt mulia persada raya,
pt mulia sawit agro lestari (block ii),
pt mulia sawit agro lestari (extended area),
pt multi daya fortuna,
pt multi gambut industri,
pt multi gambut industri; pt th indo plantations,
pt multi jaya perkasa,
pt multi jayantara abadi,
pt multi jayantara abadi (plasma),
pt multi karya sawit prima,
pt multi mandiri perdana,
pt multi pacific international,
pt multi prima entakai,
pt multi tama mulya,
pt multipersada gatramegah,
pt multrada multi maju,
pt mulya bhakti kahuripan,
pt mulya sawit agro lestari,
pt mulya tani,
pt munte wariq jaya perkasa,
pt mura bibit lestari,
pt murini samsam,
pt murini wood indah industry,
pt musam utjing,
pt musi banyuasin indah,
pt musim mas,
pt mustika agung sentosa,
pt mustika sembuluh,
pt mutiara agam,
pt mutiara agam (ii),
pt mutiara bunda jaya,
pt mutiara bunda jaya (plasma),
pt mutiara hijau lestari,
pt mutiara sawit seluma,
pt mutiara tata nusa,
pt nabati agro subur,
pt nabatindo karya utama,
pt nabire baru (core plantation),
pt nabire baru (plasma),
pt nabire baru (plasma) koperasi perkebunan masyarakat adat suku akaba,
pt nabire baru (plasma) koperasi perkebunan masyarakat adat suku akaba kampung sima,
pt nafasindo,
pt naga mas agro mulia,
pt nagali semangat jaya,
pt nagali subur jaya,
pt nala palma cadudasa,
pt narata indah,
pt natai sawit perkasa,
pt natuna inti makmur,
pt natura pasifik nusantara,
pt nauli sawit,
pt niaga mas gemilang,
pt nirmala agro lestari,
pt noffro agro sejahtera,
pt numbing jaya,
pt nunukan bara sukses,
pt nunukan dwipa asri,
pt nunukan jaya lestari,
pt nunukan sawit mas,
pt nurhayati,
pt nurinta baganyasa,
pt nurul ikhwan utama,
pt nusa indah kalimantan plantation,
pt nusa indah sejahtera,
pt nusa irian jaya indah,
pt nusa jaya perkasa,
pt nusa lestari,
pt nusa rumpun permai,
pt nusa sumber rezeki,
pt nusaesa bina,
pt nusaina agro huaulu manise,
pt nusamas griya lestari,
pt nusantara abdi jayaland,
pt nusantara agro sentosa,
pt nusantara sawit persada,
pt nusantara upaya bakti,
pt nv perimex,
pt olong jaya raya,
pt p4s graha inti jaya,
pt padang bolak jaya,
pt padang palma permai,
pt padasa enam utama,
pt pajar,
pt pakumas i indo,
pt palem baja,
pt palem segar lestari,
pt palem segar lestari (plasma),
pt palm agro makmur,
pt palm beach indonesia,
pt palma asia lestari mandiri,
pt palma plantasindo,
pt palma plantasindo (plasma),
pt palma prima plantation,
pt palma satu,
pt palmalindo,
pt palmaris raya,
pt palmdale agroasia makmur,
pt palmina utama,
pt palmindo,
pt palmindo billiton berjaya,
pt paloway abadi,
pt panca agro lestari,
pt panca belia karya,
pt panca surya agrindo,
pt panca tirta budi agung,
pt pangkalan indonesia,
pt pangkoi poniungan,
pt panto teungku abadi,
pt papua agro lestari,
pt papua lestari abadi,
pt paramitha citra lestari,
pt paramitra internusa pratama,
pt parasawita,
pt parawira abaditama,
pt parawira primakonsier,
pt parawira utama,
pt paripurna swakarsa,
pt parit sembada,
pt parna agromas,
pt pasaman marama sejahtera,
pt pasangkayu,
pt patiware,
pt patiware i,
pt patiware satu,
pt patri agung perdana,
pt patria agri lestari,
pt patriot andalas,
pt patriot guna sakti abadi ii,
pt paya pinang,
pt pelangi inti pertiwi,
pt pelita makmur niaga,
pt pelita nusantara sejahtera,
pt pena sawit andalan,
pt pendamar kreasi mandiri,
pt peniti sungai purun,
pt peputra supra jaya,
pt perbulan,
pt perdana intisawit perkasa,
pt perdana intisawit perkasa (sei rokan),
pt perintis empat lima makmur,
pt perkasa mas langgeng,
pt perkebunan anak nagari pasaman,
pt perkebunan anak negeri pasaman,
pt perkebunan bintan,
pt perkebunan bovendigoel abadi,
pt perkebunan bovendigoel sejahtera,
pt perkebunan buluh telang,
pt perkebunan dan dagang atjeh timur,
pt perkebunan dan perdagangan nasional tjinta radja,
pt perkebunan dan pertanian patisari,
pt perkebunan dan pertanian sedang tengah,
pt perkebunan hasil musi lestari,
pt perkebunan ii (sei buatan),
pt perkebunan ika hasfarm,
pt perkebunan inti sawit subur,
pt perkebunan inti sendawar,
pt perkebunan kaltim utama,
pt perkebunan kaltim utama 2,
pt perkebunan ladongi,
pt perkebunan lembah bhakti,
pt perkebunan milano,
pt perkebunan musirawas citraharpindo,
pt perkebunan nasional indonesia (barnas),
pt perkebunan nusantara,
pt perkebunan nusantara i,
pt perkebunan nusantara i cot girek,
pt perkebunan nusantara i cot girek-pirsus krueng pase,
pt perkebunan nusantara i lamie subulussalam,
pt perkebunan nusantara i pirsus krueng bayeun (plasma),
pt perkebunan nusantara i tualang raya,
pt perkebunan nusantara ii,
pt perkebunan nusantara ii (block kebun melati),
pt perkebunan nusantara ii (block kelambir lima),
pt perkebunan nusantara ii (block klumpang),
pt perkebunan nusantara ii (block panara),
pt perkebunan nusantara ii (block prafi),
pt perkebunan nusantara ii (block sei glugur),
pt perkebunan nusantara ii (block sei mencirim),
pt perkebunan nusantara ii (block sei semayang),
pt perkebunan nusantara ii (s. air bayas),
pt perkebunan nusantara ii batang kuis,
pt perkebunan nusantara ii kuala namu,
pt perkebunan nusantara ii limau mungkur,
pt perkebunan nusantara ii patumbak,
pt perkebunan nusantara ii perkebunan pagar merbau,
pt perkebunan nusantara ii saentis,
pt perkebunan nusantara ii tandam hulu,
pt perkebunan nusantara ii tanjung garbus,
pt perkebunan nusantara ii tanjung morawa,
pt perkebunan nusantara ii tanjung morawa ii,
pt perkebunan nusantara iii,
pt perkebunan nusantara iii (blcok sarang ginting),
pt perkebunan nusantara iii (block aek nabara selatan),
pt perkebunan nusantara iii (block aek nabara utara),
pt perkebunan nusantara iii (block aek raso),
pt perkebunan nusantara iii (block aek torop),
pt perkebunan nusantara iii (block ambalutu),
pt perkebunan nusantara iii (block bandar betsy),
pt perkebunan nusantara iii (block bandar selamat),
pt perkebunan nusantara iii (block bangun),
pt perkebunan nusantara iii (block batang toru),
pt perkebunan nusantara iii (block bukit tujuh),
pt perkebunan nusantara iii (block gunung monako),
pt perkebunan nusantara iii (block gunung pamela),
pt perkebunan nusantara iii (block gunung para),
pt perkebunan nusantara iii (block hapesong),
pt perkebunan nusantara iii (block huta padang),
pt perkebunan nusantara iii (block mar),
pt perkebunan nusantara iii (block merbasu selatan),
pt perkebunan nusantara iii (block pabatu),
pt perkebunan nusantara iii (block pijor koling),
pt perkebunan nusantara iii (block pulau mandi),
pt perkebunan nusantara iii (block rambutan a),
pt perkebunan nusantara iii (block rambutan b),
pt perkebunan nusantara iii (block rantau prapat),
pt perkebunan nusantara iii (block sarang ginting),
pt perkebunan nusantara iii (block sei baruhur),
pt perkebunan nusantara iii (block sei dadap),
pt perkebunan nusantara iii (block sei daun),
pt perkebunan nusantara iii (block sei kebara),
pt perkebunan nusantara iii (block sei maranti),
pt perkebunan nusantara iii (block sei putih),
pt perkebunan nusantara iii (block silau dunia),
pt perkebunan nusantara iii (block sisumut),
pt perkebunan nusantara iii (block tanah raja),
pt perkebunan nusantara iii (block torgamba),
pt perkebunan nusantara iii (labuhan haji),
pt perkebunan nusantara iii (sei silau),
pt perkebunan nusantara iv,
pt perkebunan nusantara iv (block aba),
pt perkebunan nusantara iv (block air batu),
pt perkebunan nusantara iv (block aja),
pt perkebunan nusantara iv (block bah birong ulu),
pt perkebunan nusantara iv (block bah hilang hulu),
pt perkebunan nusantara iv (block baj),
pt perkebunan nusantara iv (block bal),
pt perkebunan nusantara iv (block berangir),
pt perkebunan nusantara iv (block dolok ilir),
pt perkebunan nusantara iv (block dos),
pt perkebunan nusantara iv (block dusun hulu c),
pt perkebunan nusantara iv (block gub),
pt perkebunan nusantara iv (block kasindir),
pt perkebunan nusantara iv (block laras),
pt perkebunan nusantara iv (block mat),
pt perkebunan nusantara iv (block may),
pt perkebunan nusantara iv (block mep),
pt perkebunan nusantara iv (block pam),
pt perkebunan nusantara iv (block panai jaya),
pt perkebunan nusantara iv (block parbutaran),
pt perkebunan nusantara iv (block parsoburan barat),
pt perkebunan nusantara iv (block pdm),
pt perkebunan nusantara iv (block sko),
pt perkebunan nusantara iv (block sosa),
pt perkebunan nusantara iv (block tim),
pt perkebunan nusantara iv (block tinjowan),
pt perkebunan nusantara iv (block tonduhan),
pt perkebunan nusantara ix (block tanjung morawa ii),
pt perkebunan nusantara v,
pt perkebunan nusantara v (block air molek),
pt perkebunan nusantara v (block nes / pir air molek),
pt perkebunan nusantara v (block rimpian),
pt perkebunan nusantara v (block s rokan kiri),
pt perkebunan nusantara v (block sei berlian),
pt perkebunan nusantara v (block sei buatan),
pt perkebunan nusantara v (block sei galuh),
pt perkebunan nusantara v (block sei intan),
pt perkebunan nusantara v (block sei tapung),
pt perkebunan nusantara v (block tanah putih),
pt perkebunan nusantara v (block tandun),
pt perkebunan nusantara v (block tanjung medan),
pt perkebunan nusantara v (pir bagan sinembah),
pt perkebunan nusantara v (pir lokal bagan batu),
pt perkebunan nusantara v (pir sei pagar),
pt perkebunan nusantara v (pir sei siasam),
pt perkebunan nusantara v sei garo,
pt perkebunan nusantara vi,
pt perkebunan nusantara vi (block adolina),
pt perkebunan nusantara vi (block batanghari),
pt perkebunan nusantara vi (block durian luncuk),
pt perkebunan nusantara vi (block durian luncuk) (plasma),
pt perkebunan nusantara vi (block ophir),
pt perkebunan nusantara vi (block rimsa rimdu),
pt perkebunan nusantara vi (block sungai bahar),
pt perkebunan nusantara vi (block sungai bahar) (plasma),
pt perkebunan nusantara vi (block unit usaha bukit cermin),
pt perkebunan nusantara vi (penerokan),
pt perkebunan nusantara vi (plasma),
pt perkebunan nusantara vi/pt padasa enam utama,
pt perkebunan nusantara vii (block bentayan),
pt perkebunan nusantara vii (block talo pino),
pt perkebunan nusantara vii (block unit usaha betung krawo),
pt perkebunan nusantara vii (block unit usaha betung),
pt perkebunan nusantara vii dh. pt. perkebunan x (block blambangan umpu),
pt perkebunan nusantara xiii,
pt perkebunan nusantara xiii (block batulicin i),
pt perkebunan nusantara xiii (block batulicin ii),
pt perkebunan nusantara xiii (block pamukan),
pt perkebunan nusantara xiii (block suatang bulu dan bekoso),
pt perkebunan nusantara xiii (core),
pt perkebunan nusantara xiii (plasma),
pt perkebunan nusantara xiv,
pt perkebunan nusantara xviii (plasma) perkebunan inti rakyat (pir) khusus sungai karo,
pt perkebunan nusantara xviii/pt perkebunan nusantara vii),
pt perkebunan nusantara xxiv-xxv (block pelaihari),
pt perkebunan nusatara xiii (block pleihari),
pt perkebunan pelalu raya,
pt perkebunan sinar telaga zamzam,
pt perkebunan sungai wang,
pt perkebunan tri manunggal pacific abadi,
pt permata agro sejahtera,
pt permata buana ekspressindo,
pt permata bumi sejahtera,
pt permata hijau pasaman,
pt permata hijau sarana,
pt permata hijau sawit,
pt permata nusa mandiri,
pt permata nusa mandiri (plasma) koperasi produsen naba nen abdekam mari kita bersama membangun plasma atas tanah,
pt permata putera mandiri,
pt permata sawit mandiri,
pt permata sawit permai,
pt persada alam hijau,
pt persada alam hijau (plasma),
pt persada bangun jaya,
pt persada bina nusantara pagi,
pt persada era agro kencana,
pt persada graha mandiri,
pt persada harapan kahuripan,
pt persada kencana prima,
pt persada sawit mas,
pt persada sawit mas (plasma),
pt persada sejahtera agro makmur,
pt persada utama agromulia,
pt pertekstilan tumpal dorianus pardede,
pt pertiwi lenggara agromas,
pt perusahaan dagang dan perkebunan perapen,
pt perusahaan perkebunan panigoran,
pt perusahaan perkebunan tjinta radja,
pt pesonalintas sura sejati,
pt petaling bungo gading,
pt petaling mandraguna,
pt pilar wanapersada,
pt pinago utama,
pt pinang witmas abadi,
pt pinang witmas sejati,
pt pipit citra persada,
pt pipit mutiara indah,
pt pipit mutiara indah (plasma),
pt plantindo agro subur,
pt plb,
pt pohon emas lestari,
pt pohon emas lestari (plasma),
pt poleko jaya agung,
pt poliplant sejahtera,
pt poliplant sejahtera (plasma),
pt politani katulistiwa,
pt polymers kalimantan plantation,
pt ponti makmur sejahtera,
pt pp london sumatra indonesia,
pt pp london sumatra indonesia (belani elok & batu cemerlang estate),
pt pp london sumatra indonesia (block i),
pt pp london sumatra indonesia (block ii),
pt pp london sumatra indonesia (block iii),
pt pp london sumatra indonesia (budi tirta estate),
pt pp london sumatra indonesia (bukit hijau estate),
pt pp london sumatra indonesia (gunung malayu estate),
pt pp london sumatra indonesia (indah permai estate),
pt pp london sumatra indonesia (isuy makmur estate),
pt pp london sumatra indonesia (ketapat bening estate),
pt pp london sumatra indonesia (pahu makmur estate),
pt pp london sumatra indonesia (plasma) koperasi unit desa (kud)  karya mulya,
pt pp london sumatra indonesia (sei kepayang estate),
pt pp london sumatra indonesia (sei rumbiya estate),
pt pp london sumatra indonesia (suka damai estate),
pt pp london sumatra indonesia tbk (tirta agung estate),
pt pp perindustrian dan perdagangan,
pt pradana telen agromas,
pt pradiksi gunatama,
pt prakarsa dharma maduma,
pt prakarsa tani sejati,
pt prakarsa wiranata,
pt prana indah gemilang,
pt prana reksa karya,
pt prasetia utama,
pt prasetya mitra muda (block i),
pt prasetya mitra muda (block ii),
pt prasetya mitra muda (block iii),
pt pratama agro sawit,
pt pratama prosentindo,
pt pratama unggul sejahtera,
pt preya sawit makmur,
pt priatama riau,
pt prima agro aceh lestari,
pt prima anugrah makmur,
pt prima bahagia permai,
pt prima bahagia permai (antutan estate),
pt prima bahagia permai (binai estate),
pt prima bahagia permai (sajau estate),
pt prima bumi sejahtera,
pt prima cipta selaras,
pt prima mas lestari,
pt prima mitrajaya mandiri,
pt prima mitrajaya mandiri (plasma),
pt prima sarana graha,
pt prima sarana usaha mandiri,
pt prima sawit andalan,
pt prima sukses,
pt prima tunas kharisma,
pt primanusa mitraserasi,
pt primatama mulia jaya,
pt produk sawitindo jambi,
pt proteksindo utama mulia,
pt pucuk jaya,
pt pulahan seruwai,
pt pulau kundur prakarsa,
pt pulau menteri makmur,
pt pulau subur,
pt pulau tiga lestari jaya,
pt pundi agro makmur,
pt pundi lahan khatulistiwa,
pt punggur alam lestari,
pt puri hijau lestari,
pt purna kahuripan,
pt pusaka agro lestari (core plantation),
pt pusaka agro lestari (plasma),
pt pusaka agro makmur (block a),
pt pusaka megah bumi nusantara,
pt putera bangka tani,
pt putera manunggal perkasa,
pt putra bangka mandiri,
pt putra bangun bersama,
pt putra bongan jaya,
pt putra indotropical,
pt putra kaltim mandiri perkasa,
pt putra katingan pratama,
pt putra lirik domas,
pt putra lirik domas ii,
pt putra lirik domas ii (plasma),
pt putra makmur lestari,
pt putra sari lestari,
pt putra utama lestari,
pt putra utama lestari (a),
pt putri beutong nagan raya,
pt putri hijau,
pt putri hijau nagan raya,
pt raga dwipa sukma,
pt raja palma,
pt rajawali jaya perkasa,
pt ramajaya pramukti,
pt ramajaya pramukti (ii),
pt ramajaya pramukti (iii/ s.tibun),
pt ramajaya pramukti i (bangkinang),
pt rambang agro jaya,
pt rambay panji bersama jaya,
pt rana central nugraha,
pt rana wastu kencana,
pt rana wastu kencana iii,
pt ranomut,
pt ransiki utama,
pt rantau bais famili,
pt rata makmur,
pt ratna seruni,
pt ratu badis adhi perkasa,
pt rawa bangun nyaman,
pt raya kaya,
pt raya padang langkat,
pt raya sawit manunggal,
pt rea kaltim plantation,
pt rea kaltim plantation (plasma),
pt rebinmas jaya,
pt rendi permata raya,
pt rezeki alam semesta raya,
pt rezeki kencana,
pt riau agrotama plantation,
pt riau sakti trans mandiri,
pt riau sakti united plantations,
pt rickim mas jaya sakti,
pt ricky kurniawan kertapersada,
pt rigunas agri utama,
pt rigunas agri utama (plasma),
pt rim capitol,
pt rim capitol (plasma),
pt rimba anugrah kaltim,
pt rimba harapan sakti,
pt rimba karya artha sejati,
pt rimba karya rayatama,
pt rimba matoa lestari,
pt rimba mujur mahkota,
pt rimba sawit utama planindo,
pt rimbun sawit papua,
pt rimbun sawit sejahtera,
pt rimbunan alam sentosa 1,
pt rimbunan alam sentosa 2,
pt rimbunan alam sentosa 3,
pt rimbunan hijau jaya,
pt rindu sempadan,
pt riona jaya mandiri,
pt rizki sawit ambawang,
pt rizki setianusa abadi,
pt rizkina mandiri perdana,
pt rizky ardi jaya,
pt rizky fajar adiputra,
pt roempoen enam bersaudara,
pt roempoen enam bersaudara (plasma),
pt rokan adi makmur,
pt rokan adi raya,
pt rokan era subur,
pt rudy agung agralaksana,
pt runding nusantara,
pt runding putra persada,
pt russelindo putra prima,
pt ruta jona lestari,
pt sabah sawit makmur,
pt saban sawit subur,
pt sabhantara rawi sentosa,
pt sabira negeriutama,
pt safari riau,
pt sagita agro kencana,
pt sago nauli,
pt sago nauli pasaman,
pt sahabat mewah dan makmur (smallholders partnership program),
pt sahabat mewah makmur,
pt sahabat sawit sejahtera,
pt sajang heulang,
pt saka jambu aye,
pt saka kencana sejahtera,
pt sakti mait jaya langit,
pt sakti sawit jaya,
pt salim ivomas pratama (sungai dua and balam estate),
pt salonok ladang mas,
pt sam ii,
pt sambas daya sakti,
pt samora usaha jaya,
pt sampoerna agro,
pt samukti karya lestari,
pt sandabi indah lestari,
pt sandai makmur sawit,
pt sandika darma abadi,
pt sandika nata palma,
pt sangatta andalan utama (block iii),
pt sanggam harapan sejahtera,
pt sanggam kahuripan indonesia,
pt sanjung makmur,
pt santung matra toraja,
pt sanusi treding coy ltd,
pt sapta karya damai,
pt sapta sentosa jaya abadi,
pt sapto agro unggul,
pt sarana esa cita,
pt sarana prima multi niaga,
pt sarana subur agrindotama,
pt sarana titian permata,
pt saraswanti sawit makmur,
pt sari aditya loka,
pt sari asri rezeki indonesia,
pt sari inti rakyat,
pt sari lembah subur,
pt sari persada raya,
pt sariwana adi perkasa (core plantation),
pt sariwana adi perkasa (plasma) koperasi perkebunan masyarakat adat suku akaba kampung sima,
pt sariwana adi perkasa (plasma) koperasi perkebunan masyarakat adat suku sarakwari and koroba,
pt saroha mitra abadi,
pt sarpindograha sawit tani,
pt sasana yudha bhakti,
pt satamadian,
pt sati raja naga,
pt satria abdi lestari,
pt satria hupasarana,
pt satria manunggal sejahtera,
pt satria multi sukses,
pt satria windu seraya,
pt satu sembilan delapan,
pt satya agung,
pt satya kisma usaha,
pt saudara sejati luhur,
pt sawindo cemerlang,
pt sawindo kencana,
pt sawit agro lestari,
pt sawit alam permai,
pt sawit asahan indah,
pt sawit bandar durian,
pt sawit berkat sejahtera,
pt sawit desa kapuas,
pt sawit desa makmur,
pt sawit golden prima,
pt sawit graha manunggal,
pt sawit harum makmur,
pt sawit indah lestari,
pt sawit jambi lestari,
pt sawit jaya abadi 1,
pt sawit jaya abadi 2,
pt sawit jaya abadi 3,
pt sawit jaya makmur,
pt sawit kaltim lestari,
pt sawit kapuas kencana,
pt sawit khatulistiwa lestari,
pt sawit khatulistiwa plantation,
pt sawit lamandau raya,
pt sawit makmur abadi,
pt sawit makmur estate,
pt sawit makmur sejahtera,
pt sawit mandiri lestari,
pt sawit mandiri sampuraga,
pt sawit mandiri sejahtera,
pt sawit mas estate,
pt sawit mas nugraha perdana,
pt sawit mas parenggean,
pt sawit mas plantation,
pt sawit mas sejahtera,
pt sawit menang lestari,
pt sawit mitra abadi,
pt sawit multi utama,
pt sawit prima lestari,
pt sawit prima nusantara,
pt sawit prima sakti,
pt sawit rokan semesta,
pt sawit seberang seberang,
pt sawit selatan,
pt sawit sukses sejahtera,
pt sawit sumber mas sarana,
pt sawit sumber rejo,
pt sawit tiara nusa,
pt sawit unggul prima plantations,
pt sawita karya manunggul,
pt sawita tunggal perdana,
pt sawitindo plantation,
pt sawitindo plantation (hpl),
pt sawitmas nugraha perdana,
pt sb jbf,
pt sebakis inti lestari,
pt sebatin,
pt sebaung sawit plantation,
pt sebukit inter nusa,
pt sebuku inti plantation,
pt sejahtera sawit lestari,
pt sekar arum setyo abadi,
pt sekar bumi alam lestari,
pt seko fajar plantation,
pt sekoci,
pt selago makmur plantation,
pt selaras mukti lestari,
pt selatan agro makmur lestari,
pt selatan jaya permai,
pt semadam,
pt semai lestari,
pt semangat usaha agro,
pt semarak agri lestari,
pt sembada sennah maju,
pt semesta margareksa,
pt senabangun aneka pertiwi,
pt sentosa asih makmur,
pt sentosa kalimantan jaya,
pt sentosa kurnia bahagia,
pt sentosa mulia bahagia,
pt sentosa prima agro,
pt sentosa sukses utama,
pt sentrakarya manunggal,
pt sepakat siantar (block i),
pt sepakat siantar (block ii),
pt sepakat siantar (block iii),
pt sepalar yasa kartika,
pt sepanjang inti surya utama,
pt sepanjang intisurya mulya,
pt serasi jaya abadi,
pt serba huta jaya,
pt serdang hulu,
pt serikat putra i,
pt serikat putra ii,
pt seruyan sawit makmur,
pt setara kemilau mas adicita,
pt setia agro utama,
pt setiu farm,
pt sewangi sedjati,
pt sewangi sejati luhur,
pt siak seraya,
pt sigma nugra sembada,
pt silva dena aquamina,
pt sima agung prima sawit,
pt sime darby plantations,
pt sime darby plantations (block lpe),
pt sime indo agro,
pt simpang empat,
pt simpang kiri plantation indonesia,
pt sinar abadi wijaya,
pt sinar agro raya,
pt sinar agrotani kalimantan,
pt sinar agung persada mas,
pt sinar alam niaga raya,
pt sinar bumi wijaya,
pt sinar dinamika kapuas,
pt sinar dinamika kapuas ii,
pt sinar fajar dua ribu lestari,
pt sinar gunung sawit raya,
pt sinar halomoan,
pt sinar indonesia merdeka,
pt sinar inti sawit,
pt sinar karya mandiri,
pt sinar kencana inti perkasa,
pt sinar langkat perkasa,
pt sinar mitra sedaya,
pt sinar pandawa,
pt sinar persada mulia,
pt sinar reksa kencana,
pt sinar sawit andalan,
pt sinar sawit andalan 2,
pt sinar sawit sejahtera,
pt sinar sendawar sakti,
pt sinar siak dian permai,
pt sinar surya jorong,
pt sindora seraya (block i),
pt sindora seraya (block ii),
pt sindora seraya (block iii),
pt sinergi agro industri,
pt sinergi perkebunan nusantara,
pt sinergi sawit lestari,
pt singaland asetama,
pt singkep payung perkasa,
pt sintang agro mandiri,
pt sintang raya,
pt sipirok indah,
pt siringo-ringo,
pt sirma pratama nusa,
pt sisirau,
pt sitapongan lestari,
pt skorpio kebun teladan,
pt smart tbk,
pt socfin indonesia,
pt socfin indonesia (block aek loba div 1-7),
pt socfin indonesia (block aek loba div 8),
pt socfin indonesia (block bangun bandar),
pt socfin indonesia (block lima puluh estate),
pt socfin indonesia (block mata pao),
pt socfin indonesia (block seumanyam),
pt socfin indonesia (block seunagan),
pt socfin indonesia (block sungai liput),
pt socfin indonesia (block sungai tanah gambus),
pt socfin indonesia (block tanah besih),
pt socfindo lae butar,
pt socfindo negeri lam,
pt soeloeng laoet,
pt solusi jaya perkasa,
pt sonokeling buana,
pt sorong agro sawitindo,
pt sourcecore hasta indonesia,
pt sri andal lestari,
pt sri anugrah,
pt sri timur,
pt sriwijaya nusantara sejahtera,
pt ss,
pt steelindo wahana perkasa,
pt subur abadi plantation,
pt subur abadi wahana agung,
pt subur agro makmur,
pt subur arum makmur (2),
pt subur arum makmur (i),
pt subur borneo lestari,
pt subur karunia raya,
pt subur ladang andalan,
pt subur maju makmur,
pt subur mitra agro,
pt subur sawit platinum,
pt sukajadi sawit mekar,
pt sukses bina alam,
pt sukses jaya wood,
pt sukses karya mandiri,
pt sukses karya sawit,
pt sukses sejahtera benua,
pt sukses tani nusa subur,
pt sultra prima lestari,
pt sumagro sawitara,
pt sumatera aquaprima buana,
pt sumatera asia mandiri,
pt sumatera candi kencana,
pt sumatera jaya agro lestari,
pt sumatera jaya agro lestari (block ii),
pt sumatera makmur lestari,
pt sumatera unggul makmur,
pt sumatera unggul makmur ii,
pt sumbar andalas kencana,
pt sumbar andalas sawit indojaya,
pt sumber alam makmur sentosa,
pt sumber alam selaras,
pt sumber andalas kencana,
pt sumber asih,
pt sumber bumi serasi,
pt sumber cahaya hasil gemilang,
pt sumber hasil prima,
pt sumber indahperkasa,
pt sumber jaya indah nusa coy,
pt sumber mahardhika graha,
pt sumber rahmat sentosa,
pt sumber rejeki alam subur,
pt sumber sawit makmur,
pt sumber sawit mitrajaya,
pt sumber sawit sejahtera,
pt sumber tani agung,
pt sumber tani agung resources,
pt sumber terang agro lestari,
pt sumber uniek buana corp,
pt sumber wangi alam,
pt sumbertama nusapertiwi,
pt sumur pandan wangi,
pt sungai bahar pasifik utama,
pt sungai pinang,
pt sungai rangit,
pt sungai rangit jaya,
pt sungai rangit kencana,
pt sunny mas prima agung,
pt suntai jaya satria,
pt supernal wailala agrotama,
pt supra matra abadi,
pt suprimoris corp.,
pt suri tani pemuka,
pt surja jaya agrindo perkasa,
pt surya agro palma,
pt surya agro persada,
pt surya agrolika reksa,
pt surya bangun pertiwi,
pt surya bintang indonesia,
pt surya borneo indah,
pt surya bratasena plantation,
pt surya buana bersama,
pt surya cipta kahuripan,
pt surya deli,
pt surya dumai agrindo,
pt surya hijau makmur,
pt surya indah nusantara pagi,
pt surya inti sari raya,
pt surya inti sawit kahuripan,
pt surya inti sawit kahuripan (plasma) koperasi unit desa (kud) harapan makmur,
pt surya inti sawit kahuripan (plasma) koperasi unit desa (kud) hidup lestari,
pt surya inti sawit kahuripan (plasma) koperasi unit desa (kud) panca karya,
pt surya inti sawit kahuripan (plasma) koperasi unit desa (kud) suka maju,
pt surya inti sawit kahuripan (plasma) koperasi unit desa (kud) sumber alam,
pt surya kencana nusantara,
pt surya keritang perkasa,
pt surya langgeng sejahtera,
pt surya mata ie,
pt surya nusantara abadi,
pt surya panen subur,
pt surya raya lestari,
pt surya raya lestari i,
pt surya sawit sejati,
pt suryabumi agro langgeng,
pt suryabumi tunggal perkasa,
pt suryamas cipta perkasa,
pt suryatama lestari (block b),
pt susantri permai,
pt sutatama angkasa,
pt sutopo lestari jaya,
pt swadaya andika,
pt swadaya indopalma,
pt swadaya mukti prakarsa,
pt swadaya sapta putra,
pt swadaya sapta putra (i),
pt swadaya sapta putra (ii),
pt swakarsa sinar sentosa,
pt swarna nusa sentosa,
pt syaukath sejahtera,
pt synergy agro lestari,
pt synergy agro resources,
pt tamaco graha krida,
pt taman sari agro lestari,
pt tambira,
pt tamiang sari,
pt tamiyang sumber rejeki,
pt tanah tani lestari,
pt tanalia nusantara,
pt tandan sawita papua,
pt tanggi prima agro,
pt tani andalas sejahtera,
pt tani prima makmur,
pt tani raya wisesa,
pt tani subur makmur,
pt tani swadaya perdana,
pt tania binatama,
pt tania selatan,
pt tanie abadi sejahtera,
pt tanjung bunga selatan,
pt tanjung buyu perkasa plantation,
pt tanjung harapan mandiri,
pt tanjung kasih lestari,
pt tanjung mulia harapan indah,
pt tanjung raya bendahara,
pt tanjung rhu plantations and product (yudi budiman),
pt tanjung sawit abadi,
pt tanjung siram,
pt tanjungmanis artha lestari,
pt tansa trisna,
pt tantahan panduhup asi,
pt tapian nadenggan,
pt tapteng anugrah sawit,
pt tara bintang nusa,
pt taringin perkasa,
pt tasik raja,
pt tasma puja,
pt tasrip widyana,
pt tata hamparan eka persada,
pt tebar tandan tenerah,
pt tebo indah,
pt tegas nusantara,
pt teguh jayaprima abadi,
pt teguh sempurna,
pt teguh swakarsa sejahtera,
pt teguhkarsa wanalestari,
pt teknik utama mandiri,
pt tekukur indah,
pt teladan palma perkasa,
pt telaga sari persada,
pt telen,
pt telen prima sawit,
pt temila agro abadi,
pt tenera tani,
pt teso indah,
pt tesso sepakat,
pt teunggulon raya,
pt tewah bahana lestari,
pt th indo plantations,
pt tianjin longwit sawit makmur,
pt tidar kerinci agung,
pt tiga daun kapuas,
pt timbang deli indonesia,
pt timbang langsa,
pt tintin boyok sawit makmur,
pt tintin boyok sawit makmur dua,
pt tiran sulawesi,
pt tirta madu,
pt tirta madu (block i),
pt tirta madu (block ii),
pt tirta madu sawit jaya,
pt tirta madu sawit jaya 2,
pt tisma perdana mandiri,
pt titian dayakmakmur,
pt tjipta makmur & sumber deli,
pt tjipta selera indah,
pt toba indah,
pt toba indah (block b),
pt toili indotama,
pt tolan tiga indonesia,
pt tombito,
pt tor ganda,
pt torus ganda,
pt toton usaha mandiri,
pt trans kutai bahari,
pt trans pacific agro industry,
pt transco pratama,
pt tri aqgra persada,
pt tri bahtera srikandi,
pt tri bakti sarimas i,
pt tri bakti sarimas ii,
pt tri buana mas,
pt tri h.m,
pt tri hasta palma,
pt tri investama,
pt tri mitra lestari,
pt tri palma nusantara,
pt tri perkasa tunggal abadi,
pt tri sangga guna,
pt tri sangga guna (ii),
pt triayu pandang,
pt tribakti sari mas,
pt tridaya hutan lestari,
pt tridaya mandiri utama,
pt trieka agro nusantara,
pt triomas forestry development indonesia,
pt trisetya usaha mandiri,
pt triteknik kalimantan abadi,
pt tritunggal sentra buana,
pt tualang raya,
pt tulas sakti jaya,
pt tumpuan,
pt tunas agro sejati,
pt tunas agro subur kencana,
pt tunas agung sejahtera,
pt tunas alam nusantara,
pt tunas baru lampung,
pt tunas borneo plantations,
pt tunas fajar perkasa,
pt tunas jaya negeriku,
pt tunas mandiri lumbis 1,
pt tunas mandiri lumbis 2,
pt tunas permata hijau,
pt tunas prima sejahtera,
pt tunas sawa erma,
pt tunas sawa erma (block a),
pt tunas sejati abadi,
pt tunggal mitra plantation (manggala-1 estate),
pt tunggal mitra plantation (manggala-2 estate),
pt tunggal mitra plantation (manggala-3 estate),
pt tunggal perkasa plantations,
pt tunggal yunus,
pt tunjuk langit sejahtera,
pt uber traco,
pt uber traco (ii),
pt udaya loh jinawi,
pt ujong neubok dalam,
pt ulilin agro lestari,
pt uma pelita,
pt umbul mas wisesa,
pt umekah makmur,
pt umekah sari pratama,
pt unggul lestari,
pt unggul widya teknologi lestari,
pt uni primacom,
pt unico bimasari,
pt uniprima com,
pt uniseraya,
pt united agro indonesia,
pt usaha agro indonesia,
pt usaha handalan perkasa,
pt usaha kaltim mandiri,
pt usaha semesta jaya,
pt utama agrindo mas,
pt uwempomata,
pt vanda muko,
pt varia mitra andalan,
pt varita majutama (i),
pt varita majutama (ii),
pt varitas indah,
pt velindo aneka tani,
pt victory cemerlang indonesia wood industries,
pt visi hijau nusantara,
pt wahana agri karya,
pt wahana agrotama makmur perkasa,
pt wahana hamparan hijau,
pt wahana hijau indah,
pt wahana karya sejahtera,
pt wahana karya sejahtera mandiri,
pt wahana murni plantation,
pt wahana semesta kharisma (block i),
pt wahana semesta kharisma (block ii),
pt wahana tritunggal cemerlang,
pt wajar corpora,
pt wana catur jaya utama,
pt wana hijau semesta,
pt wana jingga timur,
pt wana sawit subur lestari,
pt wana siponjen indah,
pt wana subur sawit indah,
pt wanakarya mulya kahuripan,
pt wananauli nusapersada,
pt wanapotensi guna,
pt wanasari nusantara,
pt wanasawit subur lestari,
pt waringin agro jaya,
pt waru kaltim plantation,
pt wasundari indah,
pt watu gede utama,
pt watuawu hybrida indah,
pt wawasan kebun nusantara,
pt werdi sawit ambawang,
pt wilmar sambas plantation,
pt windu nabatindo abadi,
pt windu nabatindo lestari,
pt windu nabatindo sejahtera,
pt wira antara,
pt wira inova nusantara,
pt wira mas permai,
pt wira usahatama lestari,
pt wiracaraka adi lasalimu,
pt wirata daya bangun persada,
pt wiska khazanah permai,
pt wisuindo jaya,
pt wonorejo perdana,
pt woyla raya abadi,
pt yasa mulya perkasa,
pt yosmar & sons ekakarsa,
pt yudha wahana abadi,
pt yupa prasasti sakti,
pt yutani suadiri,
purnomo maurangi,
pusat koperasi angkatan darat (puskopad) a,
pusat koperasi angkatan darat (puskopad) a dam i - bukit barisan,
pusat koperasi kepolisian daerah (puskoppolda) balikpapan,
pusat penelitian kelapa sawit,
pusat penelitian kelapa sawit (dawas),
pusat penelitian kelapa sawit (ppks) medan,
rusli lasaka,
subianto rusid,
sul phandeirot,
tahili nusi,
tar malia,
teo najoan,
transmigration,
transmigration tebing tinggi,
tune arsad,
ud lestari,
vincent arif setiawan,
wiandi halisantoso,
woldaf kaolang,
yantje manguwal,
yayasan chik diribee,
yayasan tanjung manggopoh,
yayasan tengku chik diribee chik,
